{"D_c": 0.2, "D_s": 0.02, "V_p": 0.000406, "half_life_surf": Infinity, "half_life_int": 1.95, "alpha": 0.0011904761904761906, "beta": 0.001032592760570829, "gamma": 0.023255813953488372, "eta": 0.023255813953488372, "omega": 60, "dx": 0.024, "Jsin": 0, "Jcin": 0.021}