{"D_c": 0.7, "D_s": 0.7, "V_p": 0.0001, "half_life_surf": Infinity, "half_life_int": 3.12, "alpha": 0.0006, "beta": 0.00023999999999999998, "gamma": 0.023255813953488372, "eta": 0.0007, "omega": 60, "dx": 1, "Jsin": 0, "Jcin": 0.021, "L": 500}