{"D_c": 0.1, "D_s": 0.1, "V_p": 1e-05, "half_life_surf": Infinity, "half_life_int": 4.35, "alpha": 0.00015, "beta": 0.000225, "gamma": 0.023255813953488372, "eta": 0.0005, "omega": 60, "dx": 0.24, "Jsin": 0,
  "Jcin": 0.02}