{"D_c": 0.7846072511947322, "D_s": 0.7621554325394003, "V_p": 1.0000025911511232e-05, "half_life_surf": Infinity, "half_life_int": 4.5, "alpha": 0.00015, "beta": 6.033815411478472e-05, "gamma": 0.023255813953488372, "eta": 0.0005, "omega": 60, "dx": 0.24, "Jsin": 0,
  "Jcin": 0.021}